1e95e803-5b78-11ed-90d0-b3c2a6420671.jpg,[]
a9608447-5b78-11ed-8dde-b3c2a6420671.jpg,['PL8 REC']
b88f9612-5c14-11ed-9aed-b3c2a6420671.jpg,['6526 JHD']
912f867b-5c15-11ed-9f35-b3c2a6420671.jpg,['6526 JHD']
d4c5387c-5c16-11ed-b205-b3c2a6420671.jpg,['6526 JHD']
e1ac7245-5c18-11ed-99d0-cf66491c66ee.jpg,['6TRJZLL']
f4717db4-5c1a-11ed-b65b-cf66491c66ee.jpg,['6TRJZLL']
65dc4e44-5c1e-11ed-be6e-cf66491c66ee.jpg,['6TRJZLL']
86bd0cc9-5c1e-11ed-bded-cf66491c66ee.jpg,['6TRJZLL']
78caa603-5c21-11ed-a13a-cf66491c66ee.jpg,['6TRJZLL']
5de19474-5c25-11ed-97ef-cf66491c66ee.jpg,['6TRJZLL']
6cae03c7-5c2d-11ed-a555-cf66491c66ee.jpg,['6TRJZLL']
b484ef96-5ca8-11ed-9559-cf66491c66ee.jpg,['6TRJZLL']
a3119293-5ca9-11ed-8f9f-cf66491c66ee.jpg,['6TRJZLL']
